coin,symbol,price(USD),1h_Price_Change,24h_Price_Change,7d_Price_Change,24h_volume,Market_cap,date
Bitcoin,BTC,40859.46,0.022000000000000002,0.03,0.055,35390763321.0,770991461396.0,2022-03-16
Ethereum,ETH,2744.41,0.024,0.034,0.065,19748695312.0,327104429349.0,2022-03-16
Tether,USDT,1.0,-0.001,-0.001,0.0,57934969077.0,79965155138.0,2022-03-16
BNB,BNB,383.43,0.018000000000000002,0.027999999999999997,0.004,1395853984.0,64043816800.0,2022-03-16
USD Coin,USDC,0.999874,-0.001,0.0,-0.0,3872273611.0,52222137400.0,2022-03-16
XRP,XRP,0.785018,0.019,0.019,0.08900000000000001,3925204682.0,37530785877.0,2022-03-16
Terra,LUNA,89.51,0.024,-0.005,0.046,2661508267.0,32945963147.0,2022-03-16
Solana,SOL,85.61,0.024,0.013999999999999999,0.040999999999999995,1776167313.0,27535891424.0,2022-03-16
Cardano,ADA,0.824161,0.016,0.016,0.027999999999999997,950718327.0,26331888060.0,2022-03-16
Polkadot,DOT,18.55,0.031,0.035,0.095,762198942.0,20175265447.0,2022-03-16
Avalanche,AVAX,73.69,0.034,0.032,0.011000000000000001,866838890.0,19563622731.0,2022-03-16
Binance USD,BUSD,1.0,-0.002,0.002,0.002,4039490120.0,17975175881.0,2022-03-16
Dogecoin,DOGE,0.11566,0.015,0.023,-0.011000000000000001,451839687.0,15312260998.0,2022-03-16
TerraUSD,UST,1.0,-0.001,0.003,0.001,742209053.0,15025463384.0,2022-03-16
Shiba Inu,SHIB,2.241815e-05,0.024,0.027999999999999997,-0.021,546344871.0,12186102832.0,2022-03-16
Wrapped Bitcoin,WBTC,40820.44,0.02,0.03,0.055,443045583.0,11077637101.0,2022-03-16
Cronos,CRO,0.401575,0.018000000000000002,0.043,0.038,99233479.0,10108572460.0,2022-03-16
Polygon,MATIC,1.44,0.028999999999999998,0.034,-0.0,665458992.0,9860943646.0,2022-03-16
Dai,DAI,0.999429,-0.0,-0.001,-0.0,311112491.0,9375312310.0,2022-03-16
Cosmos Hub,ATOM,28.8,0.017,0.051,0.035,784802946.0,8346059118.0,2022-03-16
Litecoin,LTC,109.44,0.016,0.013000000000000001,0.08900000000000001,735718470.0,7629784997.0,2022-03-16
Lido Staked Ether,STETH,2745.31,0.026000000000000002,0.035,0.067,20327033.0,6972219575.0,2022-03-16
Near,NEAR,10.61,0.040999999999999995,0.032,0.091,402450393.0,6885969777.0,2022-03-16
Chainlink,LINK,14.41,0.023,0.064,0.102,720924698.0,6696893329.0,2022-03-16
TRON,TRX,0.060751875857,0.011000000000000001,0.005,0.003,608305288.0,6139215131.0,2022-03-16
FTX Token,FTT,42.37,0.02,0.024,0.045,91093038.0,5803217982.0,2022-03-16
Bitcoin Cash,BCH,295.57,0.018000000000000002,0.015,0.039,1378527955.0,5613130722.0,2022-03-16
LEO Token,LEO,5.97,0.006999999999999999,0.01,0.055,831673.0,5547865232.0,2022-03-16
OKB,OKB,19.05,0.013000000000000001,0.039,0.07200000000000001,180398248.0,4944831000.0,2022-03-16
Algorand,ALGO,0.731009,0.025,0.013999999999999999,-0.01,151572159.0,4824820884.0,2022-03-16
Stellar,XLM,0.186969,0.017,0.026000000000000002,0.079,257508818.0,4584325546.0,2022-03-16
Uniswap,UNI,9.05,0.032,0.04,0.025,188489995.0,4103226435.0,2022-03-16
Hedera,HBAR,0.200008,0.012,-0.006999999999999999,-0.024,65559083.0,3922919996.0,2022-03-16
Axie Infinity,AXS,50.46,0.036000000000000004,0.062,0.08900000000000001,288996469.0,3733676299.0,2022-03-16
Decentraland,MANA,2.43,0.021,0.065,0.013999999999999999,481292822.0,3652548066.0,2022-03-16
Ethereum Classic,ETC,26.93,0.027999999999999997,0.031,0.01,315618129.0,3573077723.0,2022-03-16
Elrond,EGLD,162.55,0.025,0.049,0.22899999999999998,318813970.0,3550487729.0,2022-03-16
The Sandbox,SAND,3.08,0.009000000000000001,0.126,0.092,989130040.0,3486478110.0,2022-03-16
Internet Computer,ICP,16.26,0.02,0.019,-0.035,158065484.0,3447698400.0,2022-03-16
Monero,XMR,189.34,0.003,0.011000000000000001,-0.073,251596905.0,3416516046.0,2022-03-16
cETH,CETH,53.71,-0.001,0.009000000000000001,0.04,1088.54,3191011869.0,2022-03-16
VeChain,VET,0.047848054559,0.027999999999999997,0.033,0.027999999999999997,283498801.0,3172681612.0,2022-03-16
Fantom,FTM,1.22,0.043,0.022000000000000002,-0.079,1173101401.0,3072929159.0,2022-03-16
Filecoin,FIL,17.27,0.016,0.01,-0.040999999999999995,264401106.0,3052322720.0,2022-03-16
Osmosis,OSMO,9.39,0.013999999999999999,0.018000000000000002,-0.001,94042665.0,3040277019.0,2022-03-16
Klaytn,KLAY,1.1,0.016,0.023,-0.012,57133059.0,3034567731.0,2022-03-16
Frax,FRAX,0.998392,-0.002,0.001,-0.0,18194194.0,2866968260.0,2022-03-16
Waves,WAVES,28.62,0.013999999999999999,0.081,0.273,1508088374.0,2862185867.0,2022-03-16
Theta Network,THETA,2.82,0.032,0.033,-0.004,118835496.0,2798708447.0,2022-03-16
Magic Internet Money,MIM,0.997676,0.0,0.004,0.002,44641451.0,2784271477.0,2022-03-16
The Graph,GRT,0.440816,0.003,0.040999999999999995,0.315,388652958.0,2731591470.0,2022-03-16
Tezos,XTZ,3.05,0.021,0.025,0.013000000000000001,114838106.0,2665887669.0,2022-03-16
cUSDC,CUSDC,0.022533007284,-0.001,0.001,0.001,41.83,2449140377.0,2022-03-16
Helium,HNT,21.72,-0.002,0.048,0.026000000000000002,22415718.0,2183873719.0,2022-03-16
THORChain,RUNE,7.23,0.04,-0.059000000000000004,0.769,297836092.0,2165143023.0,2022-03-16
EOS,EOS,2.06,0.019,0.032,0.048,337828464.0,2019196307.0,2022-03-16
ECOMI,OMI,0.003406821495,0.019,0.027000000000000003,-0.21899999999999997,3444049.0,1976983567.0,2022-03-16
IOTA,MIOTA,0.712336,0.018000000000000002,0.011000000000000001,0.012,26950213.0,1976598984.0,2022-03-16
cDAI,CDAI,0.021895790224,-0.001,0.0,-0.0,93.89,1942222665.0,2022-03-16
Flow,FLOW,5.43,0.017,0.023,-0.053,57457444.0,1923544184.0,2022-03-16
Theta Fuel,TFUEL,0.162482,0.024,0.006999999999999999,0.064,16105407.0,1886178774.0,2022-03-16
Aave,AAVE,137.44,0.037000000000000005,0.131,0.129,282336331.0,1862097786.0,2022-03-16
Zcash,ZEC,148.94,0.02,0.065,0.075,276825707.0,1801878133.0,2022-03-16
Maker,MKR,1982.58,0.028999999999999998,0.071,0.129,92847731.0,1772467945.0,2022-03-16
JUNO,JUNO,38.35,0.018000000000000002,0.096,-0.03,11491328.0,1747597737.0,2022-03-16
Gala,GALA,0.227781,0.026000000000000002,0.047,0.037000000000000005,551763058.0,1714837250.0,2022-03-16
BitTorrent,BTT,1.812224e-06,0.006999999999999999,0.022000000000000002,0.003,87836205.0,1675881629.0,2022-03-16
Arweave,AR,32.52,-0.003,0.07400000000000001,0.002,50636342.0,1637697784.0,2022-03-16
Huobi BTC,HBTC,41217.27,0.026000000000000002,0.039,0.068,190002.0,1637583015.0,2022-03-16
PancakeSwap,CAKE,5.57,0.026000000000000002,0.01,-0.068,104112686.0,1530696417.0,2022-03-16
Quant,QNT,112.58,0.018000000000000002,0.003,0.013000000000000001,23727064.0,1505335556.0,2022-03-16
Harmony,ONE,0.127445,0.025,0.017,-0.012,75144435.0,1499937034.0,2022-03-16
eCash,XEC,7.9294818e-05,0.019,-0.005,0.14400000000000002,37446216.0,1497455570.0,2022-03-16
Bitcoin SV,BSV,77.11,0.013000000000000001,0.015,-0.019,135219354.0,1461042552.0,2022-03-16
NEO,NEO,20.13,0.024,0.027999999999999997,-0.017,148274906.0,1406977569.0,2022-03-16
TrueUSD,TUSD,1.0,0.0,0.001,0.001,114862495.0,1404670246.0,2022-03-16
Huobi Token,HT,8.98,0.01,0.009000000000000001,-0.025,32112940.0,1392164927.0,2022-03-16
KuCoin Token,KCS,18.41,0.013999999999999999,0.009000000000000001,0.02,8578734.0,1390455505.0,2022-03-16
Celsius Network,CEL,3.18,0.009000000000000001,0.032,0.098,3927635.0,1346075894.0,2022-03-16
Stacks,STX,1.26,0.018000000000000002,0.026000000000000002,0.183,44370134.0,1317492670.0,2022-03-16
Humans.ai,HEART,0.044270474958,0.025,0.086,-0.547,1852838.0,1309127902.0,2022-03-16
Enjin Coin,ENJ,1.4,0.018000000000000002,0.05,0.046,133821819.0,1300650179.0,2022-03-16
Basic Attention Token,BAT,0.822605,0.021,0.055,0.251,324813983.0,1223583998.0,2022-03-16
NEXO,NEXO,2.19,0.015,0.031,0.098,4583402.0,1222563065.0,2022-03-16
Amp,AMP,0.025036137658,0.018000000000000002,0.006999999999999999,0.003,8084731.0,1198878147.0,2022-03-16
Radix,XRD,0.121859,0.015,0.064,-0.001,215995.0,1198319388.0,2022-03-16
Kusama,KSM,126.84,0.025,0.04,0.038,65896976.0,1132594631.0,2022-03-16
Celo,CELO,2.52,0.022000000000000002,0.037000000000000005,-0.076,46620149.0,1074226736.0,2022-03-16
Kadena,KDA,6.23,0.024,0.009000000000000001,0.031,58659719.0,1061714057.0,2022-03-16
Chiliz,CHZ,0.198241,0.026000000000000002,0.024,0.02,109408277.0,1049331415.0,2022-03-16
Dash,DASH,97.64,0.016,0.005,0.03,245449241.0,1035525179.0,2022-03-16
Frax Share,FXS,17.92,0.006,-0.011000000000000001,0.006,4834916.0,1031430071.0,2022-03-16
Pax Dollar,USDP,0.999025,-0.002,0.001,-0.001,57639449.0,994783973.0,2022-03-16
BitDAO,BIT,1.12,0.025,0.019,0.036000000000000004,54570658.0,993438990.0,2022-03-16
GateToken,GT,6.52,0.012,0.031,-0.005,7695401.0,979761512.0,2022-03-16
Convex Finance,CVX,18.29,0.038,0.054000000000000006,0.147,45253981.0,979304335.0,2022-03-16
Synthetix Network Token,SNX,4.24,0.053,0.079,0.084,63349615.0,903998693.0,2022-03-16
Xido Finance,XIDO,30.86,-0.027000000000000003,-0.049,0.7659999999999999,1464061.0,893636559.0,2022-03-16
Loopring,LRC,0.710702,0.03,0.035,-0.033,112235393.0,881663508.0,2022-03-16
NEM,XEM,0.098240605826,0.021,0.043,0.037000000000000005,20866042.0,879585159.0,2022-03-16
Anchor Protocol,ANC,3.1,0.06,0.08800000000000001,-0.18,107525684.0,807556039.0,2022-03-16
Oasis Network,ROSE,0.227889,0.036000000000000004,0.07,0.027000000000000003,65843862.0,794382929.0,2022-03-16
Curve DAO Token,CRV,2.02,0.026000000000000002,0.022000000000000002,-0.006,150926378.0,791197822.0,2022-03-16
Decred,DCR,56.87,0.02,0.14300000000000002,0.08800000000000001,25032753.0,787162797.0,2022-03-16
cUSDT,CUSDT,0.021768404499,0.0,0.0,0.0,8111.5,775425368.0,2022-03-16
Secret,SCRT,4.61,0.017,0.008,0.027000000000000003,19871872.0,763750478.0,2022-03-16
LINK,LN,129.46,0.036000000000000004,0.018000000000000002,0.024,1207902.0,759436472.0,2022-03-16
Mina Protocol,MINA,1.81,0.015,0.105,-0.004,70360743.0,756143474.0,2022-03-16
Holo,HOT,0.00414796568,0.027000000000000003,0.027000000000000003,0.027999999999999997,63199499.0,734353201.0,2022-03-16
Compound,COMP,109.58,0.026000000000000002,0.045,0.052000000000000005,40756551.0,726097698.0,2022-03-16
IoTeX,IOTX,0.076638517501,0.042,0.006999999999999999,0.11699999999999999,91722669.0,717099434.0,2022-03-16
Bitkub Coin,KUB,7.89,0.004,0.0,-0.034,2193655.0,698922310.0,2022-03-16
Neutrino USD,USDN,1.0,0.003,-0.001,0.006999999999999999,15319422.0,687954763.0,2022-03-16
yearn.finance,YFI,18982.86,0.017,0.017,-0.013999999999999999,81875140.0,678377900.0,2022-03-16
Nexus Mutual,NXM,92.51,0.026000000000000002,0.035,0.065,1909.73,633750394.0,2022-03-16
XDC Network,XDC,0.050635431946,-0.002,-0.022000000000000002,0.09699999999999999,9930593.0,616292915.0,2022-03-16
1inch,1INCH,1.5,0.021,0.111,0.163,120457113.0,616145134.0,2022-03-16
WAX,WAXP,0.274089,0.021,0.02,0.0,26837225.0,615219740.0,2022-03-16
Smooth Love Potion,SLP,0.016547553043,0.019,0.018000000000000002,-0.076,99341158.0,614525601.0,2022-03-16
Qtum,QTUM,5.95,0.028999999999999998,0.023,0.036000000000000004,79032386.0,612948390.0,2022-03-16
PAX Gold,PAXG,1935.78,0.006999999999999999,0.005,-0.057,30748651.0,611668819.0,2022-03-16
Sushi,SUSHI,3.12,0.036000000000000004,0.069,0.08199999999999999,132202954.0,603245561.0,2022-03-16
renBTC,RENBTC,40555.22,0.016,0.034,0.048,14829115.0,602582895.0,2022-03-16
Livepeer,LPT,23.82,0.03,0.023,0.024,11291907.0,589774119.0,2022-03-16
Ankr,ANKR,0.072181812557,0.023,0.016,-0.064,40789205.0,587511707.0,2022-03-16
Bancor Network Token,BNT,2.29,0.017,0.033,0.062,26117403.0,583581643.0,2022-03-16
Pocket Network,POKT,0.699085,0.019,-0.003,-0.055,974551.0,580439408.0,2022-03-16
Marinade staked SOL,MSOL,88.63,0.025,0.013999999999999999,0.043,18662090.0,578275391.0,2022-03-16
OMG Network,OMG,4.11,0.019,0.016,0.081,106689838.0,574825195.0,2022-03-16
Zilliqa,ZIL,0.041008132304,0.033,0.032,0.047,37965285.0,571307984.0,2022-03-16
SafeMoon,SFM,0.001028389235,0.038,-0.034,-0.08800000000000001,406894.0,566255393.0,2022-03-16
Render Token,RNDR,2.43,0.024,0.035,-0.031,23720000.0,560228533.0,2022-03-16
Fei USD,FEI,1.0,0.001,0.0,0.003,10254055.0,557210659.0,2022-03-16
Gnosis,GNO,298.83,0.021,0.025,-0.003,2883611.0,553256284.0,2022-03-16
ICON,ICX,0.753601,0.026000000000000002,-0.013000000000000001,0.21,45059623.0,549632622.0,2022-03-16
Ravencoin,RVN,0.051804162049,0.027000000000000003,0.042,0.006,19390191.0,538520749.0,2022-03-16
IOST,IOST,0.022568760363,0.025,0.011000000000000001,0.015,35343794.0,517770891.0,2022-03-16
Bitcoin Gold,BTG,29.74,0.018000000000000002,0.027999999999999997,0.032,9146317.0,517358240.0,2022-03-16
Kava,KAVA,3.16,0.023,0.035,0.034,22753924.0,504959645.0,2022-03-16
UMA,UMA,7.74,0.018000000000000002,0.018000000000000002,-0.016,46067620.0,503487995.0,2022-03-16
OEC Token,OKT,32.27,0.023,0.01,-0.062,5163788.0,488521386.0,2022-03-16
Songbird,SGB,0.062799688152,0.022000000000000002,0.006,-0.13699999999999998,2629530.0,486741272.0,2022-03-16
e-Radix,EXRD,0.122181,0.022000000000000002,0.063,0.004,2588295.0,484119330.0,2022-03-16
Velas,VLX,0.213154,-0.0,0.004,-0.037000000000000005,4105033.0,483094532.0,2022-03-16
Rocket Pool,RPL,30.03,0.024,0.040999999999999995,0.15,578038.0,480593962.0,2022-03-16
Tether Gold,XAUT,1950.12,0.003,-0.002,-0.044000000000000004,3689853.0,480346972.0,2022-03-16
Moonbeam,GLMR,2.38,0.023,0.038,-0.036000000000000004,37324761.0,476681084.0,2022-03-16
Sapphire,SAPP,0.564647,0.02,0.001,0.013999999999999999,432768.0,470978131.0,2022-03-16
Horizen,ZEN,38.73,0.015,0.061,0.026000000000000002,29127070.0,469969529.0,2022-03-16
WOO Network,WOO,0.492556,0.019,0.087,0.124,60339780.0,467152311.0,2022-03-16
Liquity USD,LUSD,1.0,0.0,0.0,-0.008,3222808.0,464727068.0,2022-03-16
Golem,GLM,0.465346,0.016,0.022000000000000002,-0.085,15905189.0,464458665.0,2022-03-16
Rally,RLY,0.180078,0.026000000000000002,0.001,-0.057999999999999996,3356848.0,464413872.0,2022-03-16
Baby Doge Coin,BABYDOGE,2.864e-09,0.026000000000000002,0.021,-0.039,10651029.0,452640717.0,2022-03-16
Audius,AUDIO,0.735289,0.027000000000000003,0.026000000000000002,0.02,7909768.0,447883958.0,2022-03-16
Siacoin,SC,0.008880296534,0.018000000000000002,0.022000000000000002,-0.004,12295120.0,446937901.0,2022-03-16
Metis Token,METIS,146.38,0.026000000000000002,0.009000000000000001,-0.047,38905039.0,436965500.0,2022-03-16
Ontology,ONT,0.499727,0.021,0.028999999999999998,-0.011000000000000001,30824913.0,433758425.0,2022-03-16
0x,ZRX,0.509791,0.025,0.035,0.027999999999999997,29309302.0,427933388.0,2022-03-16
APENFT,NFT,1.523622e-06,0.004,0.005,-0.047,69002807.0,421365369.0,2022-03-16
SKALE,SKL,0.12635,0.013000000000000001,0.043,0.11199999999999999,11283316.0,407687711.0,2022-03-16
SwissBorg,CHSB,0.428284,0.022000000000000002,0.026000000000000002,-0.054000000000000006,1063375.0,403883855.0,2022-03-16
dYdX,DYDX,4.64,0.028999999999999998,0.032,-0.036000000000000004,95015055.0,396760804.0,2022-03-16
Dogelon Mars,ELON,7.24104e-07,0.043,0.07200000000000001,0.027999999999999997,10950097.0,394017729.0,2022-03-16
Olympus,OHM,28.12,0.013999999999999999,-0.019,-0.086,3529301.0,390854092.0,2022-03-16
Constellation,DAG,0.152116,0.013000000000000001,-0.013000000000000001,0.249,1019712.0,382521151.0,2022-03-16
Synapse,SYN,2.17,0.012,-0.078,0.0,9229483.0,380868743.0,2022-03-16
Immutable X,IMX,1.57,0.043,0.012,0.049,87629552.0,365315958.0,2022-03-16
Convex CRV,CVXCRV,1.95,0.038,0.021,0.006999999999999999,96902.91,364340007.0,2022-03-16
Everdome,DOME,0.042328407322,-0.004,0.09,-0.07,44769576.0,363656510.0,2022-03-16
Gemini Dollar,GUSD,1.0,0.003,0.001,0.001,3181078.0,355825684.0,2022-03-16
JUST,JST,0.048936163597,0.013000000000000001,0.005,0.033,74944693.0,355779812.0,2022-03-16
Decentralized Social,DESO,33.97,0.005,0.111,0.192,768392.0,354095011.0,2022-03-16
Polymath,POLY,0.384838,0.017,0.013999999999999999,-0.036000000000000004,12205658.0,344258737.0,2022-03-16
NuCypher,NU,0.419373,0.004,0.01,-0.098,4321357.0,342894249.0,2022-03-16
REN,REN,0.338855,0.032,0.012,-0.012,41048178.0,337192089.0,2022-03-16
Keep Network,KEEP,0.609779,0.012,0.019,-0.066,2299639.0,333366751.0,2022-03-16
Illuvium,ILV,519.92,0.023,0.038,0.033,11072513.0,332435430.0,2022-03-16
Flux,FLUX,1.43,0.016,0.022000000000000002,0.087,15489371.0,330216558.0,2022-03-16
Ethereum Name Service,ENS,14.05,0.04,0.043,0.016,39284120.0,326307175.0,2022-03-16
Hive,HIVE,0.869127,0.015,0.040999999999999995,0.011000000000000001,12455971.0,322775766.0,2022-03-16
Lido DAO,LDO,2.98,0.040999999999999995,0.085,0.515,4675420.0,321983024.0,2022-03-16
STEPN,GMT,0.534126,0.073,0.573,2.935,1013704817.0,318571623.0,2022-03-16
Spell Token,SPELL,0.003547901833,0.015,0.009000000000000001,-0.059000000000000004,27285439.0,317144040.0,2022-03-16
Nervos Network,CKB,0.010554840501,0.013999999999999999,0.02,-0.015,6162463.0,316458006.0,2022-03-16
Kyber Network Crystal,KNC,3.06,0.025,0.008,0.002,40287449.0,313785580.0,2022-03-16
FLEX Coin,FLEX,3.97,0.002,0.006,-0.002,1326196326.0,311600507.0,2022-03-16
HUSD,HUSD,0.999103,0.0,0.001,0.0,43235094.0,310668205.0,2022-03-16
Ultra,UOS,1.15,0.01,0.024,-0.037000000000000005,8976424.0,308351253.0,2022-03-16
ConstitutionDAO,PEOPLE,0.060612313279,0.061,0.102,0.075,143678395.0,307184638.0,2022-03-16
LooksRare,LOOKS,1.29,0.086,0.177,0.231,48697099.0,306843547.0,2022-03-16
DeFi Kingdoms,JEWEL,4.16,0.04,0.016,-0.07400000000000001,11440253.0,302825745.0,2022-03-16
Telcoin,TEL,0.004899527146,0.008,0.027000000000000003,-0.011000000000000001,2843059.0,301743735.0,2022-03-16
Tomb,TOMB,1.18,0.031,0.01,-0.054000000000000006,14140774.0,300452818.0,2022-03-16
Stargaze,STARS,0.401895,0.013999999999999999,-0.005,-0.125,1726553.0,300351592.0,2022-03-16
DigiByte,DGB,0.019668130187,0.03,0.018000000000000002,0.059000000000000004,15693285.0,297257419.0,2022-03-16
DigitalBits,XDB,0.389141,0.023,0.21600000000000003,0.209,3821494.0,296998483.0,2022-03-16
Syscoin,SYS,0.468329,0.023,-0.031,-0.07400000000000001,12673226.0,296323527.0,2022-03-16
Lisk,LSK,2.03,0.015,0.006,0.019,7600165.0,293297599.0,2022-03-16
Tokemak,TOKE,25.32,0.03,0.076,-0.004,6123881.0,292863833.0,2022-03-16
Nano,XNO,2.2,-0.006,0.28800000000000003,0.312,109830513.0,292516870.0,2022-03-16
Tenset,10SET,3.3,0.016,0.03,0.434,3059468.0,289328276.0,2022-03-16
PlayDapp,PLA,0.797778,0.021,0.04,-0.013000000000000001,17641285.0,288940736.0,2022-03-16
SafeMoon [OLD],SAFEMOON,5.06313e-07,0.02,0.025,0.003,3503.42,277800683.0,2022-03-16
Ronin,RON,1.86,0.023,0.028999999999999998,-0.004,2243276.0,276423433.0,2022-03-16
Persistence,XPRT,3.3,0.012,0.045,0.038,2580206.0,273550379.0,2022-03-16
Radio Caca,RACA,0.001341144021,0.027999999999999997,0.040999999999999995,0.099,15540182.0,273386276.0,2022-03-16
Pirate Chain,ARRR,1.44,0.023,0.027999999999999997,0.312,1431339.0,269625697.0,2022-03-16
MAI,MIMATIC,0.99909,0.002,0.006,0.002,11703582.0,269555684.0,2022-03-16
Casper Network,CSPR,0.063408018304,0.023,0.10099999999999999,0.019,11186869.0,262580070.0,2022-03-16
Everscale,EVER,0.191627,-0.011000000000000001,-0.009000000000000001,0.001,6416.99,261949792.0,2022-03-16
SXP,SXP,1.34,0.022000000000000002,0.059000000000000004,0.038,71885529.0,258788391.0,2022-03-16
Floki Inu,FLOKI,2.8340322e-05,0.04,0.042,-0.037000000000000005,6481180.0,257703958.0,2022-03-16
Zenon,ZNN,5.35,0.011000000000000001,0.025,-0.019,42667.91,257245207.0,2022-03-16
Injective,INJ,5.33,0.027000000000000003,0.024,0.021,16026155.0,256116913.0,2022-03-16
MXC,MXC,0.104299,-0.0,0.031,0.175,21346445.0,255853059.0,2022-03-16
WINkLink,WIN,0.00026633365,0.011000000000000001,0.02,-0.009000000000000001,126343198.0,255157055.0,2022-03-16
WazirX,WRX,0.558123,0.012,-0.002,-0.073,7071983.0,254216018.0,2022-03-16
Perpetual Protocol,PERP,3.85,0.019,0.012,-0.009000000000000001,8343005.0,251018197.0,2022-03-16
Mobox,MBOX,2.04,0.026000000000000002,-0.024,0.06,38070293.0,250469440.0,2022-03-16
Astroport,ASTRO,2.02,0.034,-0.001,0.396,5991169.0,249658255.0,2022-03-16
Trust Wallet Token,TWT,0.721272,0.026000000000000002,-0.084,0.065,45061838.0,248213542.0,2022-03-16
Serum,SRM,1.87,0.02,0.026000000000000002,0.034,40405418.0,247791442.0,2022-03-16
Coin98,C98,1.34,0.024,0.035,0.066,52212880.0,247303702.0,2022-03-16
Mirror Protocol,MIR,1.71,0.016,-0.046,0.13,109251651.0,247146075.0,2022-03-16
Zipmex Token,ZMT,2.79,-0.002,0.004,-0.005,14206660.0,246790193.0,2022-03-16
Tribe,TRIBE,0.543192,0.011000000000000001,0.01,0.028999999999999998,8017450.0,246535822.0,2022-03-16
VVS Finance,VVS,2.2321211e-05,0.018000000000000002,0.022000000000000002,-0.087,3849460.0,235411080.0,2022-03-16
Metahero,HERO,0.045156504195,0.023,0.034,-0.106,8366250.0,233755062.0,2022-03-16
Creditcoin,CTC,1.14,0.015,0.015,0.023,3179625.0,233390471.0,2022-03-16
Lido Staked SOL,STSOL,87.91,0.024,0.013000000000000001,0.04,4624558.0,233265607.0,2022-03-16
API3,API3,4.7,0.027999999999999997,-0.008,-0.10099999999999999,29731985.0,230984150.0,2022-03-16
Escoin Token,ELG,3.37,0.024,0.021,0.051,685965.0,228752259.0,2022-03-16
Function X,FX,0.488809,0.019,0.005,-0.005,2065790.0,228173732.0,2022-03-16
Raydium,RAY,2.51,0.013000000000000001,0.055999999999999994,0.035,33025947.0,227133027.0,2022-03-16
CoinEx Token,CET,0.061152343679,0.005,0.035,0.07200000000000001,862651.0,226665111.0,2022-03-16
Euro Tether,EURT,1.1,0.004,0.008,0.012,25282592.0,226370344.0,2022-03-16
Fetch.ai,FET,0.327851,0.022000000000000002,0.006999999999999999,0.024,21546674.0,224454559.0,2022-03-16
Dent,DENT,0.002351313514,0.023,0.017,0.008,18982568.0,223840664.0,2022-03-16
Chia,XCH,65.15,0.012,-0.021,-0.084,10252044.0,221396095.0,2022-03-16
Status,SNT,0.056745127667,0.012,0.006999999999999999,-0.034,7688360.0,219753630.0,2022-03-16
Power Ledger,POWR,0.503878,0.01,0.005,-0.023,32211271.0,216689443.0,2022-03-16
Medibloc,MED,0.040119247871,0.011000000000000001,0.025,0.025,7724520.0,215001420.0,2022-03-16
xSUSHI,XSUSHI,3.8,0.002,0.033,0.055,107293.0,213613208.0,2022-03-16
Chromia,CHR,0.37938,0.028999999999999998,0.045,0.031,58407751.0,213564555.0,2022-03-16
Yield Guild Games,YGG,2.43,0.027000000000000003,0.009000000000000001,-0.057,17537941.0,212099797.0,2022-03-16
Telos,TLOS,0.819159,0.02,0.052000000000000005,-0.096,4398496.0,212084558.0,2022-03-16
COTI,COTI,0.201515,0.017,0.048,0.008,15582614.0,210898806.0,2022-03-16
Alchemix USD,ALUSD,0.997171,-0.001,-0.001,0.0,3032734.0,208898318.0,2022-03-16
Celer Network,CELR,0.037068909834,0.028999999999999998,0.027999999999999997,-0.003,35862409.0,208463091.0,2022-03-16
Orbs,ORBS,0.072194784903,0.006,0.02,0.023,28204447.0,208178410.0,2022-03-16
Vulcan Forged,PYR,8.73,0.027000000000000003,0.039,-0.044000000000000004,38526780.0,207895650.0,2022-03-16
Energy Web Token,EWT,4.91,0.015,-0.009000000000000001,0.042,2224285.0,205388247.0,2022-03-16
Astar,ASTR,0.10323,0.009000000000000001,0.006999999999999999,0.032,7991761.0,205235595.0,2022-03-16
Origin Protocol,OGN,0.434115,0.006999999999999999,-0.068,0.612,182478529.0,205164994.0,2022-03-16
Cratos,CRTS,0.002952176693,-0.009000000000000001,-0.037000000000000005,-0.13,13535131.0,203670465.0,2022-03-16
Ocean Protocol,OCEAN,0.469383,0.027999999999999997,0.051,0.07400000000000001,22022827.0,202627972.0,2022-03-16
XYO Network,XYO,0.016347118202,0.001,0.009000000000000001,-0.032,4569339.0,202482367.0,2022-03-16
Dopex,DPX,1126.14,0.034,0.006,0.031,4629323.0,200498616.0,2022-03-16
PLEX,PLEX,0.815228,0.013000000000000001,0.027999999999999997,-0.008,15377424.0,198958494.0,2022-03-16
LUKSO Token,LYXE,13.05,0.016,0.015,-0.001,1147300.0,198688328.0,2022-03-16
DAO Maker,DAO,2.19,0.012,-0.01,-0.042,3559341.0,196210425.0,2022-03-16
Boba Network,BOBA,1.21,0.006999999999999999,0.061,0.136,4382013.0,192933914.0,2022-03-16
Mdex,MDX,0.223833,0.018000000000000002,0.028999999999999998,0.051,7274677.0,192821569.0,2022-03-16
UFO Gaming,UFO,7.530048e-06,0.03,0.033,-0.009000000000000001,5098371.0,191533622.0,2022-03-16
Ardor,ARDR,0.192938,0.013999999999999999,0.02,-0.011000000000000001,6272018.0,191059042.0,2022-03-16
Pundi X,PUNDIX,0.740085,0.013999999999999999,0.022000000000000002,-0.006,4296268.0,190637766.0,2022-03-16
Mask Network,MASK,4.05,0.032,0.07,0.023,46857218.0,189430950.0,2022-03-16
Kyber Network Crystal Legacy,KNCL,3.07,0.025,0.02,-0.0,191301772.0,189342359.0,2022-03-16
Interest Bearing Bitcoin,IBBTC,40647.97,0.019,0.023,0.052000000000000005,3253.9,187618251.0,2022-03-16
Coinmetro,XCM,0.609647,0.005,-0.055,-0.017,54700.31,184318822.0,2022-03-16
MX Token,MX,1.86,0.016,0.017,0.028999999999999998,380193.0,184031159.0,2022-03-16
Reserve Rights Token,RSR,0.013806375745,0.015,0.136,0.133,58160962.0,182389151.0,2022-03-16
Radicle,RAD,4.43,0.018000000000000002,0.016,0.021,5082786.0,182383890.0,2022-03-16
Conflux,CFX,0.116231,0.02,0.006999999999999999,-0.07200000000000001,4957635.0,180397101.0,2022-03-16
Wonderland,TIME,196.83,0.017,0.011000000000000001,-0.085,1483133.0,179963381.0,2022-03-16
XSGD,XSGD,0.73676,0.004,0.004,0.006,4120965.0,179572544.0,2022-03-16
MiL.k Alliance,MLK,0.81278,0.012,0.028999999999999998,0.027999999999999997,6771412.0,179537968.0,2022-03-16
Civic,CVC,0.268256,0.024,0.055999999999999994,0.032,15009057.0,179389403.0,2022-03-16
Unibright,UBT,1.18,0.022000000000000002,0.17600000000000002,0.654,2875621.0,177414204.0,2022-03-16
Aragon,ANT,4.62,0.027000000000000003,0.05,0.051,31404911.0,176410722.0,2022-03-16
Yoshi.exchange,YOSHI,1.34,0.038,0.135,0.244,3113291.0,173731724.0,2022-03-16
SuperFarm,SUPER,0.606166,0.025,0.012,0.023,15865086.0,173202752.0,2022-03-16
Divi,DIVI,0.06259333954,-0.003,0.057,-0.040999999999999995,232874.0,172881299.0,2022-03-16
BTSE Token,BTSE,8.42,0.006,0.012,0.127,1644847.0,170044358.0,2022-03-16
GMX,GMX,22.78,0.027999999999999997,0.038,-0.062,3864455.0,168867621.0,2022-03-16
Request,REQ,0.218404,0.018000000000000002,-0.001,0.122,18881863.0,168625356.0,2022-03-16
Multichain,MULTI,9.19,0.013999999999999999,0.049,-0.195,1481745.0,168453270.0,2022-03-16
Ergo,ERG,3.26,0.006,0.004,0.08199999999999999,945449.0,168320273.0,2022-03-16
Rari Governance Token,RGT,14.92,0.021,-0.025,0.02,590959.0,167699043.0,2022-03-16
FEG Token BSC,FEG,3.984e-09,0.027999999999999997,0.0,0.05,505356.0,166612893.0,2022-03-16
Alchemy Pay,ACH,0.040564968565,0.018000000000000002,0.035,-0.003,9350241.0,166194387.0,2022-03-16
Numeraire,NMR,28.13,0.013000000000000001,0.027000000000000003,0.0,5247599.0,165855215.0,2022-03-16
Power Cash,PRCH,0.000548739722,-0.01,-0.023,-0.006999999999999999,107256.0,164420955.0,2022-03-16
Moonriver,MOVR,48.85,0.021,-0.025,-0.062,23687001.0,163974343.0,2022-03-16
sBTC,SBTC,40609.35,0.02,0.026000000000000002,0.054000000000000006,1195100.0,162541982.0,2022-03-16
Cartesi,CTSI,0.311626,0.02,-0.01,0.02,16935581.0,161866858.0,2022-03-16
JOE,JOE,0.883671,0.032,0.035,-0.09699999999999999,8255024.0,161542087.0,2022-03-16
Veritaseum,VERI,75.29,0.034,0.502,0.4,128316.0,161292251.0,2022-03-16
Bifrost,BFC,0.149179,0.013000000000000001,0.017,0.01,1366910.0,157313585.0,2022-03-16
inSure DeFi,SURE,0.005989952985,0.025,0.121,0.163,1229192.0,156870603.0,2022-03-16
Aurora,AURORA,6.85,-0.001,-0.02,-0.059000000000000004,1292731.0,155499279.0,2022-03-16
AscendEx Token,ASD,0.210282,0.006,-0.012,-0.03,2234800.0,154656421.0,2022-03-16
Reef Finance,REEF,0.008455524242,0.024,0.025,0.034,21823319.0,153505883.0,2022-03-16
World Mobile Token,WMT,0.656382,0.002,0.005,-0.005,1215991.0,153058923.0,2022-03-16
Mango,MNGO,0.148804,0.021,0.011000000000000001,-0.026000000000000002,535237.0,152354623.0,2022-03-16
Beldex,BDX,0.101366,0.018000000000000002,0.013000000000000001,0.44,172723.0,152144019.0,2022-03-16
Poollotto.finance,PLT,17.61,0.004,0.004,0.015,737205.0,152110576.0,2022-03-16
Biconomy,BICO,1.31,0.012,0.077,0.035,29389338.0,151360962.0,2022-03-16
FEG Token,FEG,3.708e-09,0.017,0.009000000000000001,0.024,1093047.0,151073649.0,2022-03-16
BNB48 Club Token,KOGE,75.36,,,,,151006279.0,2022-03-16
Ion,ION,7053.41,0.006999999999999999,0.001,-0.14300000000000002,100410.0,150512232.0,2022-03-16
MMFinance,MMF,1.1,0.015,0.043,0.325,41252022.0,150442869.0,2022-03-16
Origin Dollar,OUSD,0.993428,0.001,-0.002,0.001,886336.0,150338408.0,2022-03-16
Verge,XVG,0.009127060437,0.024,0.027000000000000003,-0.047,4578538.0,149908633.0,2022-03-16
Kishu Inu,KISHU,1.544e-09,0.046,0.094,0.147,7104908.0,149823531.0,2022-03-16
Band Protocol,BAND,3.62,0.027000000000000003,0.05,0.043,25806815.0,149778191.0,2022-03-16
Tokamak Network,TON,3.57,0.01,0.025,-0.024,2216118.0,149004019.0,2022-03-16
Storj,STORJ,1.04,0.023,0.042,0.106,29384442.0,147999404.0,2022-03-16
VeThor Token,VTHO,0.003245192677,0.021,-0.004,0.062,5301268.0,147086117.0,2022-03-16
USDX,USDX,0.969027,0.008,0.015,0.001,876536.0,146788183.0,2022-03-16
OriginTrail,TRAC,0.400529,0.016,0.009000000000000001,-0.042,2381151.0,146343514.0,2022-03-16
Merit Circle,MC,2.09,0.025,0.068,0.036000000000000004,25892084.0,146317069.0,2022-03-16
aelf,ELF,0.318783,0.018000000000000002,0.016,-0.012,12922826.0,145914636.0,2022-03-16
Akash Network,AKT,1.09,0.016,-0.001,0.019,1755865.0,145104697.0,2022-03-16
GPEX,GPX,3.83,0.006,0.002,-0.07200000000000001,179427.0,144648026.0,2022-03-16
StarLink,STARL,1.4396811e-05,0.045,0.022000000000000002,-0.004,13867876.0,143867182.0,2022-03-16
Pundi X [OLD],NPXS,0.000600991914,0.0,-0.015,-0.128,0.0,142146180.0,2022-03-16
Acala,ACA,1.1,0.035,0.022000000000000002,0.018000000000000002,13275096.0,140584940.0,2022-03-16
Orchid Protocol,OXT,0.237795,0.021,0.0,0.066,12106980.0,139760673.0,2022-03-16
Beta Finance,BETA,0.387492,0.019,0.012,-0.07200000000000001,18604900.0,138948965.0,2022-03-16
Ark,ARK,0.834377,0.006999999999999999,0.017,-0.027999999999999997,2749604.0,137522294.0,2022-03-16
STASIS EURO,EURS,1.1,0.006,0.008,0.013999999999999999,4643750.0,136959838.0,2022-03-16
Magic,MAGIC,2.78,0.069,0.28300000000000003,0.004,7430205.0,136718105.0,2022-03-16
Keep3rV1,KP3R,360.63,0.006999999999999999,0.022000000000000002,0.006,22218089.0,135437476.0,2022-03-16
Polkastarter,POLS,1.54,0.03,-0.012,0.31,200132514.0,135061007.0,2022-03-16
Hxro,HXRO,0.305377,0.008,0.013999999999999999,-0.062,133516.0,133894630.0,2022-03-16
flexUSD,FLEXUSD,1.01,0.001,0.0,0.004,179309.0,132954034.0,2022-03-16
Bezoge Earth,BEZOGE,3.051e-09,0.012,-0.005,-0.040999999999999995,189402.0,132913608.0,2022-03-16
MaidSafeCoin,MAID,0.29492,0.023,0.01,0.045,3041.72,132775927.0,2022-03-16
Prometeus,PROM,7.96,0.017,0.008,0.015,1069360.0,130200675.0,2022-03-16
Iron Bank EURO,IBEUR,1.08,0.0,-0.004,0.009000000000000001,95258.1,130044220.0,2022-03-16
Metadium,META,0.076908861633,0.006999999999999999,-0.036000000000000004,0.046,32828560.0,129878030.0,2022-03-16
Sperax,SPA,0.166557,0.008,-0.017,-0.021,464074.0,129752776.0,2022-03-16
iExec RLC,RLC,1.81,0.019,0.057,0.075,6449965.0,129524554.0,2022-03-16
DUSK Network,DUSK,0.325281,0.021,-0.046,-0.038,27805515.0,129420731.0,2022-03-16
DEAPCOIN,DEP,0.027606422572,0.004,-0.009000000000000001,-0.133,5292541.0,128916638.0,2022-03-16
StormX,STMX,0.01399186433,0.025,0.022000000000000002,0.003,2316593.0,128800635.0,2022-03-16
RMRK,RMRK,13.65,0.03,0.044000000000000004,0.006,4743523.0,128405686.0,2022-03-16
Qredo,QRDO,2.55,0.035,0.134,0.08900000000000001,23819831.0,126060547.0,2022-03-16
Stratis,STRAX,0.931273,0.015,0.026000000000000002,-0.013999999999999999,3193483.0,125656753.0,2022-03-16
STP Network,STPT,0.085865788522,0.006999999999999999,0.006,-0.040999999999999995,11751380.0,125461512.0,2022-03-16
Steem,STEEM,0.315524,0.013000000000000001,0.01,0.009000000000000001,6019119.0,124507907.0,2022-03-16
Alpha Finance,ALPHA,0.279294,0.018000000000000002,0.054000000000000006,0.021,7405255.0,124373230.0,2022-03-16
NKN,NKN,0.192439,0.03,0.078,0.064,9196680.0,124009174.0,2022-03-16
RSK Infrastructure Framework,RIF,0.150149,0.017,0.032,0.006999999999999999,1193005.0,123524355.0,2022-03-16
Balancer,BAL,11.45,0.027999999999999997,0.022000000000000002,0.01,24421512.0,123217404.0,2022-03-16
Dawn Protocol,DAWN,1.7,0.016,0.023,0.033,2418035.0,122765002.0,2022-03-16
GXChain,GXC,1.64,0.021,-0.008,-0.019,11166637.0,122187268.0,2022-03-16
Sun Token,SUN,0.01159957152,0.012,0.013000000000000001,0.02,35127631.0,121791772.0,2022-03-16
Dero,DERO,10.86,0.034,0.015,-0.141,810741.0,120268451.0,2022-03-16
Kirobo,KIRO,0.126408,0.019,0.019,-0.07400000000000001,30233.26,119964465.0,2022-03-16
Alien Worlds,TLM,0.096545880435,0.036000000000000004,0.039,-0.002,44383919.0,119120382.0,2022-03-16
Strike,STRK,37.95,0.006999999999999999,0.013999999999999999,-0.031,9721665.0,118658676.0,2022-03-16
Aavegotchi,GHST,1.95,0.006999999999999999,0.008,0.017,28297857.0,117328055.0,2022-03-16
Victoria VR,VR,0.144477,0.051,-0.003,0.032,7068380.0,117291824.0,2022-03-16
Ankr Reward-Bearing Staked ETH,AETHC,2196.39,0.021,0.002,-0.02,1309490.0,116894099.0,2022-03-16
Decentral Games,DG,0.306293,0.005,0.002,0.003,854759.0,116422219.0,2022-03-16
Meerkat Shares,MSHARE,12965.17,0.013000000000000001,0.03,0.922,8304162.0,115928010.0,2022-03-16
FUNToken,FUN,0.010933267139,0.012,-0.004,-0.011000000000000001,853332.0,115804492.0,2022-03-16
THORChain (ERC20),RUNE,7.15,0.07,-0.07,0.762,1838591.0,115794807.0,2022-03-16
TrueFi,TRU,0.180166,0.025,-0.008,0.069,9656824.0,115725924.0,2022-03-16
agEUR,AGEUR,1.1,0.003,0.003,0.011000000000000001,3811883.0,115711833.0,2022-03-16
sETH2,SETH2,2740.47,0.027000000000000003,0.035,0.068,19698.74,114815124.0,2022-03-16
Maple,MPL,25.38,-0.005,-0.019,0.154,3006803.0,114666914.0,2022-03-16
Spookyswap,BOO,12.83,0.027999999999999997,-0.027999999999999997,-0.109,5125254.0,114555634.0,2022-03-16
AIOZ Network,AIOZ,0.237396,0.047,0.287,0.24100000000000002,13715452.0,114207956.0,2022-03-16
Tomb Shares,TSHARE,2920.47,0.043,0.077,-0.35100000000000003,10610367.0,113643147.0,2022-03-16
Beefy.Finance,BIFI,1455.73,0.012,0.047,-0.059000000000000004,1429792.0,112999254.0,2022-03-16
TitanSwap,TITAN,1.13,0.0,-0.002,-0.07200000000000001,24704.16,112504097.0,2022-03-16
Phantasma,SOUL,1.08,0.027999999999999997,0.13,-0.024,2762350.0,112079479.0,2022-03-16
Tornado Cash,TORN,47.91,0.023,0.006,-0.071,10096292.0,111960444.0,2022-03-16
Alchemix,ALCX,95.14,0.027999999999999997,-0.042,-0.125,8581305.0,111651916.0,2022-03-16
DODO,DODO,0.391699,0.033,0.064,0.0,53854854.0,111498427.0,2022-03-16
Hoo Token,HOO,1.34,-0.002,0.049,-0.013999999999999999,8376366.0,111488236.0,2022-03-16
BTC Standard Hashrate Token,BTCST,15.38,0.032,0.022000000000000002,-0.08,10770376.0,110711281.0,2022-03-16
KardiaChain,KAI,0.033106050211,0.005,0.012,0.092,3633167.0,110596002.0,2022-03-16
Klever,KLV,0.021137782806,0.027000000000000003,0.034,0.054000000000000006,4429411.0,109983784.0,2022-03-16
Orion Protocol,ORN,3.13,0.066,0.069,0.022000000000000002,10611478.0,108618470.0,2022-03-16
BENQI Liquid Staked AVAX,SAVAX,73.3,0.035,0.036000000000000004,0.003,232010.0,108588792.0,2022-03-16
PlatON Network,LAT,0.045411075152,0.011000000000000001,0.01,-0.057999999999999996,4190176.0,108434635.0,2022-03-16
Hathor,HTR,0.479597,0.052000000000000005,0.047,0.025,3389005.0,108345431.0,2022-03-16
Kava Swap,SWP,1.81,-0.009000000000000001,-0.013000000000000001,0.02,1850449.0,107989085.0,2022-03-16
Proton,XPR,0.010978430413,0.022000000000000002,-0.02,-0.067,4912504.0,107238670.0,2022-03-16
Utrust,UTK,0.233365,0.018000000000000002,-0.011000000000000001,-0.006999999999999999,6103029.0,107165105.0,2022-03-16
Regen,REGEN,0.862787,0.018000000000000002,0.036000000000000004,0.002,113190.0,106505797.0,2022-03-16
My Neighbor Alice,ALICE,6.07,0.032,0.057,-0.002,99300009.0,105126141.0,2022-03-16
BakerySwap,BAKE,0.548429,0.027000000000000003,0.033,-0.005,11013168.0,104901896.0,2022-03-16
QuarkChain,QKC,0.015632618015,0.009000000000000001,0.006,-0.019,2276212.0,103653419.0,2022-03-16
Hydra,HYDRA,8.93,0.005,-0.08900000000000001,-0.004,444955.0,103576699.0,2022-03-16
TomoChain,TOMO,1.17,0.02,0.046,0.039,5201034.0,103142455.0,2022-03-16
Pylon Protocol,MINE,0.053553941991,0.011000000000000001,0.046,0.09300000000000001,1026416.0,102790559.0,2022-03-16
Ellipsis,EPS,0.164725,0.013999999999999999,0.036000000000000004,0.042,8159278.0,102630468.0,2022-03-16
Venus,XVS,8.52,0.017,0.006999999999999999,-0.011000000000000001,7769662.0,102446263.0,2022-03-16
Railgun,RAIL,1.78,0.013000000000000001,0.055999999999999994,-0.040999999999999995,448935.0,102343090.0,2022-03-16
Seedify.fund,SFUND,4.33,0.016,0.033,-0.161,3442729.0,102337446.0,2022-03-16
Hermez Network,HEZ,6.09,0.009000000000000001,0.003,0.013999999999999999,105821.0,102164945.0,2022-03-16
Alpine F1 Team Fan Token,ALPINE,8.76,0.003,0.049,1.7180000000000002,153521893.0,99922202.0,2022-03-16
ICHI,ICHI,22.69,0.023,0.049,0.133,910181.0,99403281.0,2022-03-16
JasmyCoin,JASMY,0.021231711358,0.005,0.253,0.9129999999999999,480261670.0,99367227.0,2022-03-16
CRYPTO20,C20,2.94,0.006,-0.047,-0.011000000000000001,53097.41,98979226.0,2022-03-16
Decentral Games Governance,XDG,0.32163,0.01,0.013000000000000001,0.002,121569.0,98858963.0,2022-03-16
Metal,MTL,1.52,0.024,0.028999999999999998,-0.006999999999999999,12492929.0,98095635.0,2022-03-16
Wilder World,WILD,1.17,0.065,-0.002,-0.127,4735954.0,97124495.0,2022-03-16
Wrapped Centrifuge,WCFG,0.486023,0.004,0.021,-0.008,1702240.0,97035126.0,2022-03-16
Bitcoin Diamond,BCD,0.515751,0.008,0.025,-0.016,823683.0,96592411.0,2022-03-16
cBAT,CBAT,0.013887822764,,,,,96585801.0,2022-03-16
sUSD,SUSD,0.995877,-0.001,0.001,-0.002,8450530.0,95584478.0,2022-03-16
sETH,SETH,2732.47,0.025,0.034,0.065,5049393.0,95094991.0,2022-03-16
Bounce,AUCTION,13.1,0.016,0.018000000000000002,0.027000000000000003,1741028.0,94296802.0,2022-03-16
Augur,REP,13.43,0.019,0.02,-0.015,7904878.0,93213520.0,2022-03-16
Verasity,VRA,0.020985885492,0.048,0.055999999999999994,0.009000000000000001,58902495.0,92248152.0,2022-03-16
Neutrino System Base Token,NSBT,36.47,0.013999999999999999,0.09,0.349,365249.0,92043237.0,2022-03-16
Platypus Finance,PTP,4.82,0.045,-0.049,-0.153,2928863.0,91532885.0,2022-03-16
Ampleforth,AMPL,1.12,0.019,0.146,0.235,9846521.0,91484573.0,2022-03-16
Wanchain,WAN,0.473501,0.018000000000000002,0.01,-0.024,7300330.0,91110234.0,2022-03-16
IDEX,IDEX,0.142817,0.013000000000000001,-0.002,-0.018000000000000002,22972045.0,90978713.0,2022-03-16
Dopex Rebate Token,RDPX,101.45,0.055999999999999994,0.04,0.113,3498225.0,90554011.0,2022-03-16
Everipedia,IQ,0.009006140462,0.006999999999999999,0.031,0.022000000000000002,3388475.0,89718345.0,2022-03-16
ZoidPay,ZPAY,0.309582,0.037000000000000005,0.049,0.32,200162.0,89683955.0,2022-03-16
Electroneum,ETN,0.005086662997,0.017,0.026000000000000002,-0.017,176858.0,89440714.0,2022-03-16
KeeperDAO,ROOK,108.14,0.005,0.022000000000000002,-0.001,420336.0,87457228.0,2022-03-16
cUNI,CUNI,0.177688,0.001,0.008,0.0,818771.0,86960205.0,2022-03-16
Dvision Network,DVI,0.348705,0.011000000000000001,0.045,-0.16899999999999998,893982.0,85948342.0,2022-03-16
AllianceBlock,ALBT,0.222035,0.025,0.075,0.046,594392.0,85612394.0,2022-03-16
Bonfida,FIDA,1.61,0.02,0.006999999999999999,-0.114,4391814.0,85251644.0,2022-03-16
Adventure Gold,AGLD,1.1,-0.002,0.18899999999999997,0.098,57235927.0,85075417.0,2022-03-16
Avalaunch,XAVA,3.78,0.028999999999999998,0.032,-0.022000000000000002,709787.0,84389747.0,2022-03-16
HUNT,HUNT,0.769839,0.005,0.044000000000000004,-0.032,72974143.0,83873286.0,2022-03-16
Automata,ATA,0.367835,0.031,0.040999999999999995,0.035,10518480.0,83514063.0,2022-03-16
Banana,BANANA,18.71,0.016,-0.141,0.708,550846.0,83416764.0,2022-03-16
chrono.tech,TIME,118.16,0.023,0.036000000000000004,-0.147,295233.0,83232136.0,2022-03-16
Celo Dollar,CUSD,0.999208,0.003,0.005,0.001,770929.0,82951206.0,2022-03-16
CertiK,CTK,1.18,0.016,0.04,0.04,7896532.0,82919242.0,2022-03-16
Adshares,ADS,3.46,0.013999999999999999,0.063,0.32899999999999996,1223986.0,82839334.0,2022-03-16
DFI.money,YFII,2051.79,0.022000000000000002,0.086,0.10400000000000001,16874472.0,81618922.0,2022-03-16
Gains Farm,GFARM2,2267.65,0.013000000000000001,0.033,0.036000000000000004,133497.0,81067367.0,2022-03-16
Gitcoin,GTC,5.67,0.04,0.06,-0.005,13047215.0,80324424.0,2022-03-16
Biswap,BSW,0.357696,0.019,0.042,0.149,5174312.0,80023062.0,2022-03-16
Clover Finance,CLV,0.305749,0.02,0.01,-0.016,8210647.0,79586374.0,2022-03-16
SafePal,SFP,0.733022,0.027000000000000003,0.023,-0.039,14792090.0,78755589.0,2022-03-16
Enzyme,MLN,53.93,0.02,0.02,0.046,7197240.0,78254927.0,2022-03-16
Crabada,CRA,0.908045,0.047,0.106,0.031,2532869.0,78203679.0,2022-03-16
Covalent,CQT,0.308264,0.022000000000000002,-0.039,-0.147,4464667.0,78070115.0,2022-03-16
Aergo,AERGO,0.216541,0.011000000000000001,0.003,-0.14,8958942.0,78030243.0,2022-03-16
Nerve Finance,NRV,0.01746492327,0.001,-0.027999999999999997,-0.087,37129.53,77747624.0,2022-03-16
Swarm,BZZ,1.2,0.013000000000000001,0.049,-0.008,1500542.0,77516525.0,2022-03-16
BENQI,QI,0.049616183289,0.036000000000000004,0.011000000000000001,-0.023,9851172.0,77090931.0,2022-03-16
Somnium Space CUBEs,CUBE,5.9,0.024,0.055,0.114,223101.0,76435550.0,2022-03-16
Rai Reflex Index,RAI,3.03,0.001,-0.001,0.003,1012855.0,76393616.0,2022-03-16
PEAKDEFI,PEAK,0.056409521696,0.004,0.006999999999999999,-0.175,51980.14,76293156.0,2022-03-16
Propy,PRO,1.31,0.021,-0.039,-0.18899999999999997,1379488.0,76264908.0,2022-03-16
Aurory,AURY,8.02,0.006,0.002,-0.008,1527291.0,76264310.0,2022-03-16
mStable USD,MUSD,0.999331,0.001,0.003,-0.0,207110.0,75247445.0,2022-03-16
bZx Protocol,BZRX,0.177963,0.022000000000000002,0.42700000000000005,0.48,16.65,74186632.0,2022-03-16
ShapeShift FOX Token,FOX,0.273188,0.013999999999999999,0.001,-0.005,593740.0,73980085.0,2022-03-16
SingularityNET,AGIX,0.084142124159,0.026000000000000002,-0.003,-0.036000000000000004,868150.0,73918145.0,2022-03-16
Handshake,HNS,0.156275,0.019,-0.054000000000000006,-0.10800000000000001,197146.0,73747459.0,2022-03-16
Kin,KIN,4.1143641e-05,-0.022000000000000002,0.094,-0.008,1152459.0,73595419.0,2022-03-16
RIZON,ATOLO,0.035663494252,0.046,0.023,-0.016,331202.0,72989274.0,2022-03-16
Vader Protocol,VADER,0.014381539264,-0.039,-0.096,-0.337,1480880.0,72963217.0,2022-03-16
DeFi Pulse Index,DPI,155.37,0.028999999999999998,0.042,0.054000000000000006,207236.0,72755648.0,2022-03-16
Sai,SAI,1.0,,,,,72643253.0,2022-03-16
Sovryn,SOV,3.43,0.006,-0.006999999999999999,-0.071,406765.0,72604865.0,2022-03-16
Badger DAO,BADGER,7.32,0.024,0.027000000000000003,-0.006,4125819.0,72581913.0,2022-03-16
TempleDAO,TEMPLE,0.666697,0.021,-0.003,-0.025,1492924.0,71996496.0,2022-03-16
Wrapped NXM,WNXM,26.65,0.027000000000000003,0.024,0.005,3964149.0,70945266.0,2022-03-16
Hifi Finance,MFT,0.00755611809,0.011000000000000001,-0.054000000000000006,0.052000000000000005,58152200.0,70736052.0,2022-03-16
Dock,DOCK,0.033479547514,0.024,-0.002,-0.0,3240870.0,70448413.0,2022-03-16
Sifchain,EROWAN,0.091107956047,0.026000000000000002,-0.024,-0.023,3841586.0,70322023.0,2022-03-16
Retreeb,TREEB,0.225841,0.035,0.13699999999999998,0.07,905540.0,70125336.0,2022-03-16
Presearch,PRE,0.179852,0.022000000000000002,-0.042,0.0,598873.0,70111160.0,2022-03-16
PlatonCoin,PLTC,0.640304,-0.001,0.019,0.126,280435.0,69590558.0,2022-03-16
Aave [OLD],LEND,1.36,0.026000000000000002,0.08,0.038,5128.17,69502548.0,2022-03-16
ShareToken,SHR,0.007189378251,0.013000000000000001,-0.046,-0.138,221837.0,69453171.0,2022-03-16
Circuits of Value,COVAL,0.038262750519,-0.001,0.035,-0.038,601191.0,69008937.0,2022-03-16
Travala.com,AVA,1.33,0.018000000000000002,0.021,0.051,3953320.0,68723455.0,2022-03-16
Redacted Cartel,BTRFLY,114.27,0.009000000000000001,0.004,-0.204,580990.0,68675140.0,2022-03-16
IRISnet,IRIS,0.05572426797,0.022000000000000002,-0.008,-0.027000000000000003,6277598.0,68613799.0,2022-03-16
ChainX,PCX,1.77,0.054000000000000006,0.172,0.078,445046.0,68530128.0,2022-03-16
Index Coop - ETH 2x Flexible Leverage Index,ETH2X-FLI,66.16,0.049,0.06,0.11900000000000001,2344685.0,68519516.0,2022-03-16
cVault.finance,CORE,6768.4,0.016,0.031,0.004,295513.0,68514733.0,2022-03-16
ThunderCore,TT,0.007869637878,0.006,-0.003,0.018000000000000002,13601229.0,67862398.0,2022-03-16
OpenDAO,SOS,1.708294e-06,0.03,0.053,-0.09,14382323.0,67555662.0,2022-03-16
Carry,CRE,0.007639549275,0.013999999999999999,-0.023,-0.001,15140717.0,66948840.0,2022-03-16
ARPA Chain,ARPA,0.068515692234,0.027999999999999997,0.026000000000000002,-0.008,14838311.0,66892485.0,2022-03-16
GuildFi,GF,1.54,0.005,0.006999999999999999,0.040999999999999995,7298293.0,66370610.0,2022-03-16
EverRise,RISE,0.000950733762,0.013000000000000001,0.081,0.03,423218.0,66340451.0,2022-03-16
SuperRare,RARE,0.458127,0.018000000000000002,0.028999999999999998,0.028999999999999998,16421385.0,66264262.0,2022-03-16
Oxygen,OXY,0.325739,0.015,0.001,0.084,464624.0,65770433.0,2022-03-16
